circles,triangles,trap1_index,trap2_index,block_matrix_url,name,type
3,2,4,2,https://audiosamplesp808.blob.core.windows.net/p910-assets/imgs/block_matrix/internal_matrix/YzozX3Q6Mg==443.jpg,YzozX3Q6Mg==443.jpg,q1
3,2,4,2,https://audiosamplesp808.blob.core.windows.net/p910-assets/imgs/block_matrix/internal_matrix/WXpvelgzUTZNZz09NDQzLmpwZw==.jpg,WXpvelgzUTZNZz09NDQzLmpwZw==.jpg,q2
9,4,3,15,https://audiosamplesp808.blob.core.windows.net/p910-assets/imgs/block_matrix/internal_matrix/Yzo5X3Q6NA==124.jpg,Yzo5X3Q6NA==124.jpg,q1
9,4,3,15,https://audiosamplesp808.blob.core.windows.net/p910-assets/imgs/block_matrix/internal_matrix/WXpvNVgzUTZOQT09MTI0LmpwZw==.jpg,WXpvNVgzUTZOQT09MTI0LmpwZw==.jpg,q2
2,8,10,11,https://audiosamplesp808.blob.core.windows.net/p910-assets/imgs/block_matrix/internal_matrix/YzoyX3Q6OA==579.jpg,YzoyX3Q6OA==579.jpg,q1
2,8,10,11,https://audiosamplesp808.blob.core.windows.net/p910-assets/imgs/block_matrix/internal_matrix/WXpveVgzUTZPQT09NTc5LmpwZw==.jpg,WXpveVgzUTZPQT09NTc5LmpwZw==.jpg,q2
7,2,9,0,https://audiosamplesp808.blob.core.windows.net/p910-assets/imgs/block_matrix/internal_matrix/Yzo3X3Q6Mg==380.jpg,Yzo3X3Q6Mg==380.jpg,q1
7,2,9,0,https://audiosamplesp808.blob.core.windows.net/p910-assets/imgs/block_matrix/internal_matrix/WXpvM1gzUTZNZz09MzgwLmpwZw==.jpg,WXpvM1gzUTZNZz09MzgwLmpwZw==.jpg,q2
4,6,0,11,https://audiosamplesp808.blob.core.windows.net/p910-assets/imgs/block_matrix/internal_matrix/Yzo0X3Q6Ng==891.jpg,Yzo0X3Q6Ng==891.jpg,q1
4,6,0,11,https://audiosamplesp808.blob.core.windows.net/p910-assets/imgs/block_matrix/internal_matrix/WXpvMFgzUTZOZz09ODkxLmpwZw==.jpg,WXpvMFgzUTZOZz09ODkxLmpwZw==.jpg,q2
3,7,5,4,https://audiosamplesp808.blob.core.windows.net/p910-assets/imgs/block_matrix/internal_matrix/YzozX3Q6Nw==444.jpg,YzozX3Q6Nw==444.jpg,q1
3,7,5,4,https://audiosamplesp808.blob.core.windows.net/p910-assets/imgs/block_matrix/internal_matrix/WXpvelgzUTZOdz09NDQ0LmpwZw==.jpg,WXpvelgzUTZOdz09NDQ0LmpwZw==.jpg,q2
5,5,9,12,https://audiosamplesp808.blob.core.windows.net/p910-assets/imgs/block_matrix/internal_matrix/Yzo1X3Q6NQ==554.jpg,Yzo1X3Q6NQ==554.jpg,q1
5,5,9,12,https://audiosamplesp808.blob.core.windows.net/p910-assets/imgs/block_matrix/internal_matrix/WXpvMVgzUTZOUT09NTU0LmpwZw==.jpg,WXpvMVgzUTZOUT09NTU0LmpwZw==.jpg,q2
5,6,3,15,https://audiosamplesp808.blob.core.windows.net/p910-assets/imgs/block_matrix/internal_matrix/Yzo1X3Q6Ng==162.jpg,Yzo1X3Q6Ng==162.jpg,q1
5,6,3,15,https://audiosamplesp808.blob.core.windows.net/p910-assets/imgs/block_matrix/internal_matrix/WXpvMVgzUTZOZz09MTYyLmpwZw==.jpg,WXpvMVgzUTZOZz09MTYyLmpwZw==.jpg,q2
8,4,8,10,https://audiosamplesp808.blob.core.windows.net/p910-assets/imgs/block_matrix/internal_matrix/Yzo4X3Q6NA==721.jpg,Yzo4X3Q6NA==721.jpg,q1
8,4,8,10,https://audiosamplesp808.blob.core.windows.net/p910-assets/imgs/block_matrix/internal_matrix/WXpvNFgzUTZOQT09NzIxLmpwZw==.jpg,WXpvNFgzUTZOQT09NzIxLmpwZw==.jpg,q2
6,7,1,11,https://audiosamplesp808.blob.core.windows.net/p910-assets/imgs/block_matrix/internal_matrix/Yzo2X3Q6Nw==258.jpg,Yzo2X3Q6Nw==258.jpg,q1
6,7,1,11,https://audiosamplesp808.blob.core.windows.net/p910-assets/imgs/block_matrix/internal_matrix/WXpvMlgzUTZOdz09MjU4LmpwZw==.jpg,WXpvMlgzUTZOdz09MjU4LmpwZw==.jpg,q2
2,6,12,15,https://audiosamplesp808.blob.core.windows.net/p910-assets/imgs/block_matrix/internal_matrix/YzoyX3Q6Ng==209.jpg,YzoyX3Q6Ng==209.jpg,q1
2,6,12,15,https://audiosamplesp808.blob.core.windows.net/p910-assets/imgs/block_matrix/internal_matrix/WXpveVgzUTZOZz09MjA5LmpwZw==.jpg,WXpveVgzUTZOZz09MjA5LmpwZw==.jpg,q2
1,6,15,4,https://audiosamplesp808.blob.core.windows.net/p910-assets/imgs/block_matrix/internal_matrix/YzoxX3Q6Ng==952.jpg,YzoxX3Q6Ng==952.jpg,q1
1,6,15,4,https://audiosamplesp808.blob.core.windows.net/p910-assets/imgs/block_matrix/internal_matrix/WXpveFgzUTZOZz09OTUyLmpwZw==.jpg,WXpveFgzUTZOZz09OTUyLmpwZw==.jpg,q2
5,5,2,12,https://audiosamplesp808.blob.core.windows.net/p910-assets/imgs/block_matrix/internal_matrix/Yzo1X3Q6NQ==590.jpg,Yzo1X3Q6NQ==590.jpg,q1
5,5,2,12,https://audiosamplesp808.blob.core.windows.net/p910-assets/imgs/block_matrix/internal_matrix/WXpvMVgzUTZOUT09NTkwLmpwZw==.jpg,WXpvMVgzUTZOUT09NTkwLmpwZw==.jpg,q2
4,5,11,2,https://audiosamplesp808.blob.core.windows.net/p910-assets/imgs/block_matrix/internal_matrix/Yzo0X3Q6NQ==211.jpg,Yzo0X3Q6NQ==211.jpg,q1
4,5,11,2,https://audiosamplesp808.blob.core.windows.net/p910-assets/imgs/block_matrix/internal_matrix/WXpvMFgzUTZOUT09MjExLmpwZw==.jpg,WXpvMFgzUTZOUT09MjExLmpwZw==.jpg,q2
5,6,3,5,https://audiosamplesp808.blob.core.windows.net/p910-assets/imgs/block_matrix/internal_matrix/Yzo1X3Q6Ng==164.jpg,Yzo1X3Q6Ng==164.jpg,q1
5,6,3,5,https://audiosamplesp808.blob.core.windows.net/p910-assets/imgs/block_matrix/internal_matrix/WXpvMVgzUTZOZz09MTY0LmpwZw==.jpg,WXpvMVgzUTZOZz09MTY0LmpwZw==.jpg,q2
3,6,4,6,https://audiosamplesp808.blob.core.windows.net/p910-assets/imgs/block_matrix/internal_matrix/YzozX3Q6Ng==606.jpg,YzozX3Q6Ng==606.jpg,q1
3,6,4,6,https://audiosamplesp808.blob.core.windows.net/p910-assets/imgs/block_matrix/internal_matrix/WXpvelgzUTZOZz09NjA2LmpwZw==.jpg,WXpvelgzUTZOZz09NjA2LmpwZw==.jpg,q2
5,8,4,6,https://audiosamplesp808.blob.core.windows.net/p910-assets/imgs/block_matrix/internal_matrix/Yzo1X3Q6OA==435.jpg,Yzo1X3Q6OA==435.jpg,q1
5,8,4,6,https://audiosamplesp808.blob.core.windows.net/p910-assets/imgs/block_matrix/internal_matrix/WXpvMVgzUTZPQT09NDM1LmpwZw==.jpg,WXpvMVgzUTZPQT09NDM1LmpwZw==.jpg,q2
4,5,14,3,https://audiosamplesp808.blob.core.windows.net/p910-assets/imgs/block_matrix/internal_matrix/Yzo0X3Q6NQ==765.jpg,Yzo0X3Q6NQ==765.jpg,q1
4,5,14,3,https://audiosamplesp808.blob.core.windows.net/p910-assets/imgs/block_matrix/internal_matrix/WXpvMFgzUTZOUT09NzY1LmpwZw==.jpg,WXpvMFgzUTZOUT09NzY1LmpwZw==.jpg,q2
5,0,14,2,https://audiosamplesp808.blob.core.windows.net/p910-assets/imgs/block_matrix/internal_matrix/Yzo1X3Q6MA==476.jpg,Yzo1X3Q6MA==476.jpg,q1
5,0,14,2,https://audiosamplesp808.blob.core.windows.net/p910-assets/imgs/block_matrix/internal_matrix/WXpvMVgzUTZNQT09NDc2LmpwZw==.jpg,WXpvMVgzUTZNQT09NDc2LmpwZw==.jpg,q2
3,4,7,6,https://audiosamplesp808.blob.core.windows.net/p910-assets/imgs/block_matrix/internal_matrix/YzozX3Q6NA==472.jpg,YzozX3Q6NA==472.jpg,q1
3,4,7,6,https://audiosamplesp808.blob.core.windows.net/p910-assets/imgs/block_matrix/internal_matrix/WXpvelgzUTZOQT09NDcyLmpwZw==.jpg,WXpvelgzUTZOQT09NDcyLmpwZw==.jpg,q2
2,9,10,7,https://audiosamplesp808.blob.core.windows.net/p910-assets/imgs/block_matrix/internal_matrix/YzoyX3Q6OQ==683.jpg,YzoyX3Q6OQ==683.jpg,q1
2,9,10,7,https://audiosamplesp808.blob.core.windows.net/p910-assets/imgs/block_matrix/internal_matrix/WXpveVgzUTZPUT09NjgzLmpwZw==.jpg,WXpveVgzUTZPUT09NjgzLmpwZw==.jpg,q2
3,8,9,2,https://audiosamplesp808.blob.core.windows.net/p910-assets/imgs/block_matrix/internal_matrix/YzozX3Q6OA==373.jpg,YzozX3Q6OA==373.jpg,q1
3,8,9,2,https://audiosamplesp808.blob.core.windows.net/p910-assets/imgs/block_matrix/internal_matrix/WXpvelgzUTZPQT09MzczLmpwZw==.jpg,WXpvelgzUTZPQT09MzczLmpwZw==.jpg,q2
7,2,7,4,https://audiosamplesp808.blob.core.windows.net/p910-assets/imgs/block_matrix/internal_matrix/Yzo3X3Q6Mg==544.jpg,Yzo3X3Q6Mg==544.jpg,q1
7,2,7,4,https://audiosamplesp808.blob.core.windows.net/p910-assets/imgs/block_matrix/internal_matrix/WXpvM1gzUTZNZz09NTQ0LmpwZw==.jpg,WXpvM1gzUTZNZz09NTQ0LmpwZw==.jpg,q2
1,10,3,6,https://audiosamplesp808.blob.core.windows.net/p910-assets/imgs/block_matrix/internal_matrix/YzoxX3Q6MTA=434.jpg,YzoxX3Q6MTA=434.jpg,q1
1,10,3,6,https://audiosamplesp808.blob.core.windows.net/p910-assets/imgs/block_matrix/internal_matrix/WXpveFgzUTZNVEE9NDM0LmpwZw==.jpg,WXpveFgzUTZNVEE9NDM0LmpwZw==.jpg,q2
9,3,13,11,https://audiosamplesp808.blob.core.windows.net/p910-assets/imgs/block_matrix/internal_matrix/Yzo5X3Q6Mw==342.jpg,Yzo5X3Q6Mw==342.jpg,q1
9,3,13,11,https://audiosamplesp808.blob.core.windows.net/p910-assets/imgs/block_matrix/internal_matrix/WXpvNVgzUTZNdz09MzQyLmpwZw==.jpg,WXpvNVgzUTZNdz09MzQyLmpwZw==.jpg,q2
2,6,11,7,https://audiosamplesp808.blob.core.windows.net/p910-assets/imgs/block_matrix/internal_matrix/YzoyX3Q6Ng==440.jpg,YzoyX3Q6Ng==440.jpg,q1
2,6,11,7,https://audiosamplesp808.blob.core.windows.net/p910-assets/imgs/block_matrix/internal_matrix/WXpveVgzUTZOZz09NDQwLmpwZw==.jpg,WXpveVgzUTZOZz09NDQwLmpwZw==.jpg,q2
6,2,7,9,https://audiosamplesp808.blob.core.windows.net/p910-assets/imgs/block_matrix/internal_matrix/Yzo2X3Q6Mg==790.jpg,Yzo2X3Q6Mg==790.jpg,q1
6,2,7,9,https://audiosamplesp808.blob.core.windows.net/p910-assets/imgs/block_matrix/internal_matrix/WXpvMlgzUTZNZz09NzkwLmpwZw==.jpg,WXpvMlgzUTZNZz09NzkwLmpwZw==.jpg,q2
3,8,11,1,https://audiosamplesp808.blob.core.windows.net/p910-assets/imgs/block_matrix/internal_matrix/YzozX3Q6OA==994.jpg,YzozX3Q6OA==994.jpg,q1
3,8,11,1,https://audiosamplesp808.blob.core.windows.net/p910-assets/imgs/block_matrix/internal_matrix/WXpvelgzUTZPQT09OTk0LmpwZw==.jpg,WXpvelgzUTZPQT09OTk0LmpwZw==.jpg,q2
8,4,12,8,https://audiosamplesp808.blob.core.windows.net/p910-assets/imgs/block_matrix/internal_matrix/Yzo4X3Q6NA==464.jpg,Yzo4X3Q6NA==464.jpg,q1
8,4,12,8,https://audiosamplesp808.blob.core.windows.net/p910-assets/imgs/block_matrix/internal_matrix/WXpvNFgzUTZOQT09NDY0LmpwZw==.jpg,WXpvNFgzUTZOQT09NDY0LmpwZw==.jpg,q2
5,4,15,2,https://audiosamplesp808.blob.core.windows.net/p910-assets/imgs/block_matrix/internal_matrix/Yzo1X3Q6NA==255.jpg,Yzo1X3Q6NA==255.jpg,q1
5,4,15,2,https://audiosamplesp808.blob.core.windows.net/p910-assets/imgs/block_matrix/internal_matrix/WXpvMVgzUTZOQT09MjU1LmpwZw==.jpg,WXpvMVgzUTZOQT09MjU1LmpwZw==.jpg,q2
2,6,13,11,https://audiosamplesp808.blob.core.windows.net/p910-assets/imgs/block_matrix/internal_matrix/YzoyX3Q6Ng==121.jpg,YzoyX3Q6Ng==121.jpg,q1
2,6,13,11,https://audiosamplesp808.blob.core.windows.net/p910-assets/imgs/block_matrix/internal_matrix/WXpveVgzUTZOZz09MTIxLmpwZw==.jpg,WXpveVgzUTZOZz09MTIxLmpwZw==.jpg,q2
6,4,5,1,https://audiosamplesp808.blob.core.windows.net/p910-assets/imgs/block_matrix/internal_matrix/Yzo2X3Q6NA==651.jpg,Yzo2X3Q6NA==651.jpg,q1
6,4,5,1,https://audiosamplesp808.blob.core.windows.net/p910-assets/imgs/block_matrix/internal_matrix/WXpvMlgzUTZOQT09NjUxLmpwZw==.jpg,WXpvMlgzUTZOQT09NjUxLmpwZw==.jpg,q2
6,1,15,8,https://audiosamplesp808.blob.core.windows.net/p910-assets/imgs/block_matrix/internal_matrix/Yzo2X3Q6MQ==180.jpg,Yzo2X3Q6MQ==180.jpg,q1
6,1,15,8,https://audiosamplesp808.blob.core.windows.net/p910-assets/imgs/block_matrix/internal_matrix/WXpvMlgzUTZNUT09MTgwLmpwZw==.jpg,WXpvMlgzUTZNUT09MTgwLmpwZw==.jpg,q2
4,9,8,3,https://audiosamplesp808.blob.core.windows.net/p910-assets/imgs/block_matrix/internal_matrix/Yzo0X3Q6OQ==748.jpg,Yzo0X3Q6OQ==748.jpg,q1
4,9,8,3,https://audiosamplesp808.blob.core.windows.net/p910-assets/imgs/block_matrix/internal_matrix/WXpvMFgzUTZPUT09NzQ4LmpwZw==.jpg,WXpvMFgzUTZPUT09NzQ4LmpwZw==.jpg,q2
3,5,11,7,https://audiosamplesp808.blob.core.windows.net/p910-assets/imgs/block_matrix/internal_matrix/YzozX3Q6NQ==513.jpg,YzozX3Q6NQ==513.jpg,q1
3,5,11,7,https://audiosamplesp808.blob.core.windows.net/p910-assets/imgs/block_matrix/internal_matrix/WXpvelgzUTZOUT09NTEzLmpwZw==.jpg,WXpvelgzUTZOUT09NTEzLmpwZw==.jpg,q2
6,5,9,11,https://audiosamplesp808.blob.core.windows.net/p910-assets/imgs/block_matrix/internal_matrix/Yzo2X3Q6NQ==476.jpg,Yzo2X3Q6NQ==476.jpg,q1
6,5,9,11,https://audiosamplesp808.blob.core.windows.net/p910-assets/imgs/block_matrix/internal_matrix/WXpvMlgzUTZOUT09NDc2LmpwZw==.jpg,WXpvMlgzUTZOUT09NDc2LmpwZw==.jpg,q2
4,3,4,6,https://audiosamplesp808.blob.core.windows.net/p910-assets/imgs/block_matrix/internal_matrix/Yzo0X3Q6Mw==417.jpg,Yzo0X3Q6Mw==417.jpg,q1
4,3,4,6,https://audiosamplesp808.blob.core.windows.net/p910-assets/imgs/block_matrix/internal_matrix/WXpvMFgzUTZNdz09NDE3LmpwZw==.jpg,WXpvMFgzUTZNdz09NDE3LmpwZw==.jpg,q2
6,4,8,14,https://audiosamplesp808.blob.core.windows.net/p910-assets/imgs/block_matrix/internal_matrix/Yzo2X3Q6NA==465.jpg,Yzo2X3Q6NA==465.jpg,q1
6,4,8,14,https://audiosamplesp808.blob.core.windows.net/p910-assets/imgs/block_matrix/internal_matrix/WXpvMlgzUTZOQT09NDY1LmpwZw==.jpg,WXpvMlgzUTZOQT09NDY1LmpwZw==.jpg,q2
2,6,14,8,https://audiosamplesp808.blob.core.windows.net/p910-assets/imgs/block_matrix/internal_matrix/YzoyX3Q6Ng==238.jpg,YzoyX3Q6Ng==238.jpg,q1
2,6,14,8,https://audiosamplesp808.blob.core.windows.net/p910-assets/imgs/block_matrix/internal_matrix/WXpveVgzUTZOZz09MjM4LmpwZw==.jpg,WXpveVgzUTZOZz09MjM4LmpwZw==.jpg,q2
3,3,7,10,https://audiosamplesp808.blob.core.windows.net/p910-assets/imgs/block_matrix/internal_matrix/YzozX3Q6Mw==945.jpg,YzozX3Q6Mw==945.jpg,q1
3,3,7,10,https://audiosamplesp808.blob.core.windows.net/p910-assets/imgs/block_matrix/internal_matrix/WXpvelgzUTZNdz09OTQ1LmpwZw==.jpg,WXpvelgzUTZNdz09OTQ1LmpwZw==.jpg,q2
5,4,3,13,https://audiosamplesp808.blob.core.windows.net/p910-assets/imgs/block_matrix/internal_matrix/Yzo1X3Q6NA==236.jpg,Yzo1X3Q6NA==236.jpg,q1
5,4,3,13,https://audiosamplesp808.blob.core.windows.net/p910-assets/imgs/block_matrix/internal_matrix/WXpvMVgzUTZOQT09MjM2LmpwZw==.jpg,WXpvMVgzUTZOQT09MjM2LmpwZw==.jpg,q2
5,6,1,11,https://audiosamplesp808.blob.core.windows.net/p910-assets/imgs/block_matrix/internal_matrix/Yzo1X3Q6Ng==427.jpg,Yzo1X3Q6Ng==427.jpg,q1
5,6,1,11,https://audiosamplesp808.blob.core.windows.net/p910-assets/imgs/block_matrix/internal_matrix/WXpvMVgzUTZOZz09NDI3LmpwZw==.jpg,WXpvMVgzUTZOZz09NDI3LmpwZw==.jpg,q2
5,6,0,11,https://audiosamplesp808.blob.core.windows.net/p910-assets/imgs/block_matrix/internal_matrix/Yzo1X3Q6Ng==911.jpg,Yzo1X3Q6Ng==911.jpg,q1
5,6,0,11,https://audiosamplesp808.blob.core.windows.net/p910-assets/imgs/block_matrix/internal_matrix/WXpvMVgzUTZOZz09OTExLmpwZw==.jpg,WXpvMVgzUTZOZz09OTExLmpwZw==.jpg,q2
7,3,7,9,https://audiosamplesp808.blob.core.windows.net/p910-assets/imgs/block_matrix/internal_matrix/Yzo3X3Q6Mw==242.jpg,Yzo3X3Q6Mw==242.jpg,q1
7,3,7,9,https://audiosamplesp808.blob.core.windows.net/p910-assets/imgs/block_matrix/internal_matrix/WXpvM1gzUTZNdz09MjQyLmpwZw==.jpg,WXpvM1gzUTZNdz09MjQyLmpwZw==.jpg,q2
5,3,7,4,https://audiosamplesp808.blob.core.windows.net/p910-assets/imgs/block_matrix/internal_matrix/Yzo1X3Q6Mw==630.jpg,Yzo1X3Q6Mw==630.jpg,q1
5,3,7,4,https://audiosamplesp808.blob.core.windows.net/p910-assets/imgs/block_matrix/internal_matrix/WXpvMVgzUTZNdz09NjMwLmpwZw==.jpg,WXpvMVgzUTZNdz09NjMwLmpwZw==.jpg,q2
6,5,6,10,https://audiosamplesp808.blob.core.windows.net/p910-assets/imgs/block_matrix/internal_matrix/Yzo2X3Q6NQ==475.jpg,Yzo2X3Q6NQ==475.jpg,q1
6,5,6,10,https://audiosamplesp808.blob.core.windows.net/p910-assets/imgs/block_matrix/internal_matrix/WXpvMlgzUTZOUT09NDc1LmpwZw==.jpg,WXpvMlgzUTZOUT09NDc1LmpwZw==.jpg,q2
5,4,6,4,https://audiosamplesp808.blob.core.windows.net/p910-assets/imgs/block_matrix/internal_matrix/Yzo1X3Q6NA==963.jpg,Yzo1X3Q6NA==963.jpg,q1
5,4,6,4,https://audiosamplesp808.blob.core.windows.net/p910-assets/imgs/block_matrix/internal_matrix/WXpvMVgzUTZOQT09OTYzLmpwZw==.jpg,WXpvMVgzUTZOQT09OTYzLmpwZw==.jpg,q2
9,4,13,9,https://audiosamplesp808.blob.core.windows.net/p910-assets/imgs/block_matrix/internal_matrix/Yzo5X3Q6NA==939.jpg,Yzo5X3Q6NA==939.jpg,q1
9,4,13,9,https://audiosamplesp808.blob.core.windows.net/p910-assets/imgs/block_matrix/internal_matrix/WXpvNVgzUTZOQT09OTM5LmpwZw==.jpg,WXpvNVgzUTZOQT09OTM5LmpwZw==.jpg,q2
5,2,8,5,https://audiosamplesp808.blob.core.windows.net/p910-assets/imgs/block_matrix/internal_matrix/Yzo1X3Q6Mg==248.jpg,Yzo1X3Q6Mg==248.jpg,q1
5,2,8,5,https://audiosamplesp808.blob.core.windows.net/p910-assets/imgs/block_matrix/internal_matrix/WXpvMVgzUTZNZz09MjQ4LmpwZw==.jpg,WXpvMVgzUTZNZz09MjQ4LmpwZw==.jpg,q2
5,1,3,6,https://audiosamplesp808.blob.core.windows.net/p910-assets/imgs/block_matrix/internal_matrix/Yzo1X3Q6MQ==611.jpg,Yzo1X3Q6MQ==611.jpg,q1
5,1,3,6,https://audiosamplesp808.blob.core.windows.net/p910-assets/imgs/block_matrix/internal_matrix/WXpvMVgzUTZNUT09NjExLmpwZw==.jpg,WXpvMVgzUTZNUT09NjExLmpwZw==.jpg,q2
3,6,1,4,https://audiosamplesp808.blob.core.windows.net/p910-assets/imgs/block_matrix/internal_matrix/YzozX3Q6Ng==345.jpg,YzozX3Q6Ng==345.jpg,q1
3,6,1,4,https://audiosamplesp808.blob.core.windows.net/p910-assets/imgs/block_matrix/internal_matrix/WXpvelgzUTZOZz09MzQ1LmpwZw==.jpg,WXpvelgzUTZOZz09MzQ1LmpwZw==.jpg,q2
4,4,3,0,https://audiosamplesp808.blob.core.windows.net/p910-assets/imgs/block_matrix/internal_matrix/Yzo0X3Q6NA==644.jpg,Yzo0X3Q6NA==644.jpg,q1
4,4,3,0,https://audiosamplesp808.blob.core.windows.net/p910-assets/imgs/block_matrix/internal_matrix/WXpvMFgzUTZOQT09NjQ0LmpwZw==.jpg,WXpvMFgzUTZOQT09NjQ0LmpwZw==.jpg,q2
10,1,10,13,https://audiosamplesp808.blob.core.windows.net/p910-assets/imgs/block_matrix/internal_matrix/YzoxMF90OjE=556.jpg,YzoxMF90OjE=556.jpg,q1
10,1,10,13,https://audiosamplesp808.blob.core.windows.net/p910-assets/imgs/block_matrix/internal_matrix/WXpveE1GOTBPakU9NTU2LmpwZw==.jpg,WXpveE1GOTBPakU9NTU2LmpwZw==.jpg,q2
6,1,12,11,https://audiosamplesp808.blob.core.windows.net/p910-assets/imgs/block_matrix/internal_matrix/Yzo2X3Q6MQ==711.jpg,Yzo2X3Q6MQ==711.jpg,q1
6,1,12,11,https://audiosamplesp808.blob.core.windows.net/p910-assets/imgs/block_matrix/internal_matrix/WXpvMlgzUTZNUT09NzExLmpwZw==.jpg,WXpvMlgzUTZNUT09NzExLmpwZw==.jpg,q2
4,6,12,4,https://audiosamplesp808.blob.core.windows.net/p910-assets/imgs/block_matrix/internal_matrix/Yzo0X3Q6Ng==720.jpg,Yzo0X3Q6Ng==720.jpg,q1
4,6,12,4,https://audiosamplesp808.blob.core.windows.net/p910-assets/imgs/block_matrix/internal_matrix/WXpvMFgzUTZOZz09NzIwLmpwZw==.jpg,WXpvMFgzUTZOZz09NzIwLmpwZw==.jpg,q2
4,5,13,11,https://audiosamplesp808.blob.core.windows.net/p910-assets/imgs/block_matrix/internal_matrix/Yzo0X3Q6NQ==532.jpg,Yzo0X3Q6NQ==532.jpg,q1
4,5,13,11,https://audiosamplesp808.blob.core.windows.net/p910-assets/imgs/block_matrix/internal_matrix/WXpvMFgzUTZOUT09NTMyLmpwZw==.jpg,WXpvMFgzUTZOUT09NTMyLmpwZw==.jpg,q2
0,7,13,3,https://audiosamplesp808.blob.core.windows.net/p910-assets/imgs/block_matrix/internal_matrix/YzowX3Q6Nw==845.jpg,YzowX3Q6Nw==845.jpg,q1
0,7,13,3,https://audiosamplesp808.blob.core.windows.net/p910-assets/imgs/block_matrix/internal_matrix/WXpvd1gzUTZOdz09ODQ1LmpwZw==.jpg,WXpvd1gzUTZOdz09ODQ1LmpwZw==.jpg,q2
7,5,5,2,https://audiosamplesp808.blob.core.windows.net/p910-assets/imgs/block_matrix/internal_matrix/Yzo3X3Q6NQ==490.jpg,Yzo3X3Q6NQ==490.jpg,q1
7,5,5,2,https://audiosamplesp808.blob.core.windows.net/p910-assets/imgs/block_matrix/internal_matrix/WXpvM1gzUTZOUT09NDkwLmpwZw==.jpg,WXpvM1gzUTZOUT09NDkwLmpwZw==.jpg,q2
7,3,0,8,https://audiosamplesp808.blob.core.windows.net/p910-assets/imgs/block_matrix/internal_matrix/Yzo3X3Q6Mw==623.jpg,Yzo3X3Q6Mw==623.jpg,q1
7,3,0,8,https://audiosamplesp808.blob.core.windows.net/p910-assets/imgs/block_matrix/internal_matrix/WXpvM1gzUTZNdz09NjIzLmpwZw==.jpg,WXpvM1gzUTZNdz09NjIzLmpwZw==.jpg,q2
2,8,14,11,https://audiosamplesp808.blob.core.windows.net/p910-assets/imgs/block_matrix/internal_matrix/YzoyX3Q6OA==830.jpg,YzoyX3Q6OA==830.jpg,q1
2,8,14,11,https://audiosamplesp808.blob.core.windows.net/p910-assets/imgs/block_matrix/internal_matrix/WXpveVgzUTZPQT09ODMwLmpwZw==.jpg,WXpveVgzUTZPQT09ODMwLmpwZw==.jpg,q2
7,4,8,10,https://audiosamplesp808.blob.core.windows.net/p910-assets/imgs/block_matrix/internal_matrix/Yzo3X3Q6NA==696.jpg,Yzo3X3Q6NA==696.jpg,q1
7,4,8,10,https://audiosamplesp808.blob.core.windows.net/p910-assets/imgs/block_matrix/internal_matrix/WXpvM1gzUTZOQT09Njk2LmpwZw==.jpg,WXpvM1gzUTZOQT09Njk2LmpwZw==.jpg,q2
4,5,12,9,https://audiosamplesp808.blob.core.windows.net/p910-assets/imgs/block_matrix/internal_matrix/Yzo0X3Q6NQ==837.jpg,Yzo0X3Q6NQ==837.jpg,q1
4,5,12,9,https://audiosamplesp808.blob.core.windows.net/p910-assets/imgs/block_matrix/internal_matrix/WXpvMFgzUTZOUT09ODM3LmpwZw==.jpg,WXpvMFgzUTZOUT09ODM3LmpwZw==.jpg,q2
4,5,3,12,https://audiosamplesp808.blob.core.windows.net/p910-assets/imgs/block_matrix/internal_matrix/Yzo0X3Q6NQ==788.jpg,Yzo0X3Q6NQ==788.jpg,q1
4,5,3,12,https://audiosamplesp808.blob.core.windows.net/p910-assets/imgs/block_matrix/internal_matrix/WXpvMFgzUTZOUT09Nzg4LmpwZw==.jpg,WXpvMFgzUTZOUT09Nzg4LmpwZw==.jpg,q2
3,4,8,0,https://audiosamplesp808.blob.core.windows.net/p910-assets/imgs/block_matrix/internal_matrix/YzozX3Q6NA==119.jpg,YzozX3Q6NA==119.jpg,q1
3,4,8,0,https://audiosamplesp808.blob.core.windows.net/p910-assets/imgs/block_matrix/internal_matrix/WXpvelgzUTZOQT09MTE5LmpwZw==.jpg,WXpvelgzUTZOQT09MTE5LmpwZw==.jpg,q2
4,5,3,0,https://audiosamplesp808.blob.core.windows.net/p910-assets/imgs/block_matrix/internal_matrix/Yzo0X3Q6NQ==440.jpg,Yzo0X3Q6NQ==440.jpg,q1
4,5,3,0,https://audiosamplesp808.blob.core.windows.net/p910-assets/imgs/block_matrix/internal_matrix/WXpvMFgzUTZOUT09NDQwLmpwZw==.jpg,WXpvMFgzUTZOUT09NDQwLmpwZw==.jpg,q2
4,7,2,7,https://audiosamplesp808.blob.core.windows.net/p910-assets/imgs/block_matrix/internal_matrix/Yzo0X3Q6Nw==978.jpg,Yzo0X3Q6Nw==978.jpg,q1
4,7,2,7,https://audiosamplesp808.blob.core.windows.net/p910-assets/imgs/block_matrix/internal_matrix/WXpvMFgzUTZOdz09OTc4LmpwZw==.jpg,WXpvMFgzUTZOdz09OTc4LmpwZw==.jpg,q2
4,6,12,15,https://audiosamplesp808.blob.core.windows.net/p910-assets/imgs/block_matrix/internal_matrix/Yzo0X3Q6Ng==341.jpg,Yzo0X3Q6Ng==341.jpg,q1
4,6,12,15,https://audiosamplesp808.blob.core.windows.net/p910-assets/imgs/block_matrix/internal_matrix/WXpvMFgzUTZOZz09MzQxLmpwZw==.jpg,WXpvMFgzUTZOZz09MzQxLmpwZw==.jpg,q2
7,4,6,11,https://audiosamplesp808.blob.core.windows.net/p910-assets/imgs/block_matrix/internal_matrix/Yzo3X3Q6NA==897.jpg,Yzo3X3Q6NA==897.jpg,q1
7,4,6,11,https://audiosamplesp808.blob.core.windows.net/p910-assets/imgs/block_matrix/internal_matrix/WXpvM1gzUTZOQT09ODk3LmpwZw==.jpg,WXpvM1gzUTZOQT09ODk3LmpwZw==.jpg,q2
4,6,13,12,https://audiosamplesp808.blob.core.windows.net/p910-assets/imgs/block_matrix/internal_matrix/Yzo0X3Q6Ng==171.jpg,Yzo0X3Q6Ng==171.jpg,q1
4,6,13,12,https://audiosamplesp808.blob.core.windows.net/p910-assets/imgs/block_matrix/internal_matrix/WXpvMFgzUTZOZz09MTcxLmpwZw==.jpg,WXpvMFgzUTZOZz09MTcxLmpwZw==.jpg,q2
7,5,0,4,https://audiosamplesp808.blob.core.windows.net/p910-assets/imgs/block_matrix/internal_matrix/Yzo3X3Q6NQ==517.jpg,Yzo3X3Q6NQ==517.jpg,q1
7,5,0,4,https://audiosamplesp808.blob.core.windows.net/p910-assets/imgs/block_matrix/internal_matrix/WXpvM1gzUTZOUT09NTE3LmpwZw==.jpg,WXpvM1gzUTZOUT09NTE3LmpwZw==.jpg,q2
4,4,7,2,https://audiosamplesp808.blob.core.windows.net/p910-assets/imgs/block_matrix/internal_matrix/Yzo0X3Q6NA==696.jpg,Yzo0X3Q6NA==696.jpg,q1
4,4,7,2,https://audiosamplesp808.blob.core.windows.net/p910-assets/imgs/block_matrix/internal_matrix/WXpvMFgzUTZOQT09Njk2LmpwZw==.jpg,WXpvMFgzUTZOQT09Njk2LmpwZw==.jpg,q2
3,6,8,12,https://audiosamplesp808.blob.core.windows.net/p910-assets/imgs/block_matrix/internal_matrix/YzozX3Q6Ng==891.jpg,YzozX3Q6Ng==891.jpg,q1
3,6,8,12,https://audiosamplesp808.blob.core.windows.net/p910-assets/imgs/block_matrix/internal_matrix/WXpvelgzUTZOZz09ODkxLmpwZw==.jpg,WXpvelgzUTZOZz09ODkxLmpwZw==.jpg,q2
4,4,5,9,https://audiosamplesp808.blob.core.windows.net/p910-assets/imgs/block_matrix/internal_matrix/Yzo0X3Q6NA==618.jpg,Yzo0X3Q6NA==618.jpg,q1
4,4,5,9,https://audiosamplesp808.blob.core.windows.net/p910-assets/imgs/block_matrix/internal_matrix/WXpvMFgzUTZOQT09NjE4LmpwZw==.jpg,WXpvMFgzUTZOQT09NjE4LmpwZw==.jpg,q2
7,5,2,6,https://audiosamplesp808.blob.core.windows.net/p910-assets/imgs/block_matrix/internal_matrix/Yzo3X3Q6NQ==770.jpg,Yzo3X3Q6NQ==770.jpg,q1
7,5,2,6,https://audiosamplesp808.blob.core.windows.net/p910-assets/imgs/block_matrix/internal_matrix/WXpvM1gzUTZOUT09NzcwLmpwZw==.jpg,WXpvM1gzUTZOUT09NzcwLmpwZw==.jpg,q2
7,1,14,11,https://audiosamplesp808.blob.core.windows.net/p910-assets/imgs/block_matrix/internal_matrix/Yzo3X3Q6MQ==766.jpg,Yzo3X3Q6MQ==766.jpg,q1
7,1,14,11,https://audiosamplesp808.blob.core.windows.net/p910-assets/imgs/block_matrix/internal_matrix/WXpvM1gzUTZNUT09NzY2LmpwZw==.jpg,WXpvM1gzUTZNUT09NzY2LmpwZw==.jpg,q2
2,7,2,15,https://audiosamplesp808.blob.core.windows.net/p910-assets/imgs/block_matrix/internal_matrix/YzoyX3Q6Nw==377.jpg,YzoyX3Q6Nw==377.jpg,q1
2,7,2,15,https://audiosamplesp808.blob.core.windows.net/p910-assets/imgs/block_matrix/internal_matrix/WXpveVgzUTZOdz09Mzc3LmpwZw==.jpg,WXpveVgzUTZOdz09Mzc3LmpwZw==.jpg,q2
6,7,1,2,https://audiosamplesp808.blob.core.windows.net/p910-assets/imgs/block_matrix/internal_matrix/Yzo2X3Q6Nw==798.jpg,Yzo2X3Q6Nw==798.jpg,q1
6,7,1,2,https://audiosamplesp808.blob.core.windows.net/p910-assets/imgs/block_matrix/internal_matrix/WXpvMlgzUTZOdz09Nzk4LmpwZw==.jpg,WXpvMlgzUTZOdz09Nzk4LmpwZw==.jpg,q2
4,7,14,13,https://audiosamplesp808.blob.core.windows.net/p910-assets/imgs/block_matrix/internal_matrix/Yzo0X3Q6Nw==191.jpg,Yzo0X3Q6Nw==191.jpg,q1
4,7,14,13,https://audiosamplesp808.blob.core.windows.net/p910-assets/imgs/block_matrix/internal_matrix/WXpvMFgzUTZOdz09MTkxLmpwZw==.jpg,WXpvMFgzUTZOdz09MTkxLmpwZw==.jpg,q2
7,3,13,9,https://audiosamplesp808.blob.core.windows.net/p910-assets/imgs/block_matrix/internal_matrix/Yzo3X3Q6Mw==837.jpg,Yzo3X3Q6Mw==837.jpg,q1
7,3,13,9,https://audiosamplesp808.blob.core.windows.net/p910-assets/imgs/block_matrix/internal_matrix/WXpvM1gzUTZNdz09ODM3LmpwZw==.jpg,WXpvM1gzUTZNdz09ODM3LmpwZw==.jpg,q2
4,4,8,0,https://audiosamplesp808.blob.core.windows.net/p910-assets/imgs/block_matrix/internal_matrix/Yzo0X3Q6NA==832.jpg,Yzo0X3Q6NA==832.jpg,q1
4,4,8,0,https://audiosamplesp808.blob.core.windows.net/p910-assets/imgs/block_matrix/internal_matrix/WXpvMFgzUTZOQT09ODMyLmpwZw==.jpg,WXpvMFgzUTZOQT09ODMyLmpwZw==.jpg,q2
4,5,13,3,https://audiosamplesp808.blob.core.windows.net/p910-assets/imgs/block_matrix/internal_matrix/Yzo0X3Q6NQ==416.jpg,Yzo0X3Q6NQ==416.jpg,q1
4,5,13,3,https://audiosamplesp808.blob.core.windows.net/p910-assets/imgs/block_matrix/internal_matrix/WXpvMFgzUTZOUT09NDE2LmpwZw==.jpg,WXpvMFgzUTZOUT09NDE2LmpwZw==.jpg,q2
3,6,5,8,https://audiosamplesp808.blob.core.windows.net/p910-assets/imgs/block_matrix/internal_matrix/YzozX3Q6Ng==423.jpg,YzozX3Q6Ng==423.jpg,q1
3,6,5,8,https://audiosamplesp808.blob.core.windows.net/p910-assets/imgs/block_matrix/internal_matrix/WXpvelgzUTZOZz09NDIzLmpwZw==.jpg,WXpvelgzUTZOZz09NDIzLmpwZw==.jpg,q2
8,5,8,5,https://audiosamplesp808.blob.core.windows.net/p910-assets/imgs/block_matrix/internal_matrix/Yzo4X3Q6NQ==660.jpg,Yzo4X3Q6NQ==660.jpg,q1
8,5,8,5,https://audiosamplesp808.blob.core.windows.net/p910-assets/imgs/block_matrix/internal_matrix/WXpvNFgzUTZOUT09NjYwLmpwZw==.jpg,WXpvNFgzUTZOUT09NjYwLmpwZw==.jpg,q2
3,4,1,6,https://audiosamplesp808.blob.core.windows.net/p910-assets/imgs/block_matrix/internal_matrix/YzozX3Q6NA==847.jpg,YzozX3Q6NA==847.jpg,q1
3,4,1,6,https://audiosamplesp808.blob.core.windows.net/p910-assets/imgs/block_matrix/internal_matrix/WXpvelgzUTZOQT09ODQ3LmpwZw==.jpg,WXpvelgzUTZOQT09ODQ3LmpwZw==.jpg,q2
3,6,6,1,https://audiosamplesp808.blob.core.windows.net/p910-assets/imgs/block_matrix/internal_matrix/YzozX3Q6Ng==808.jpg,YzozX3Q6Ng==808.jpg,q1
3,6,6,1,https://audiosamplesp808.blob.core.windows.net/p910-assets/imgs/block_matrix/internal_matrix/WXpvelgzUTZOZz09ODA4LmpwZw==.jpg,WXpvelgzUTZOZz09ODA4LmpwZw==.jpg,q2
5,3,3,15,https://audiosamplesp808.blob.core.windows.net/p910-assets/imgs/block_matrix/internal_matrix/Yzo1X3Q6Mw==982.jpg,Yzo1X3Q6Mw==982.jpg,q1
5,3,3,15,https://audiosamplesp808.blob.core.windows.net/p910-assets/imgs/block_matrix/internal_matrix/WXpvMVgzUTZNdz09OTgyLmpwZw==.jpg,WXpvMVgzUTZNdz09OTgyLmpwZw==.jpg,q2
4,1,4,10,https://audiosamplesp808.blob.core.windows.net/p910-assets/imgs/block_matrix/internal_matrix/Yzo0X3Q6MQ==563.jpg,Yzo0X3Q6MQ==563.jpg,q1
4,1,4,10,https://audiosamplesp808.blob.core.windows.net/p910-assets/imgs/block_matrix/internal_matrix/WXpvMFgzUTZNUT09NTYzLmpwZw==.jpg,WXpvMFgzUTZNUT09NTYzLmpwZw==.jpg,q2
7,4,12,3,https://audiosamplesp808.blob.core.windows.net/p910-assets/imgs/block_matrix/internal_matrix/Yzo3X3Q6NA==561.jpg,Yzo3X3Q6NA==561.jpg,q1
7,4,12,3,https://audiosamplesp808.blob.core.windows.net/p910-assets/imgs/block_matrix/internal_matrix/WXpvM1gzUTZOQT09NTYxLmpwZw==.jpg,WXpvM1gzUTZOQT09NTYxLmpwZw==.jpg,q2
8,5,6,15,https://audiosamplesp808.blob.core.windows.net/p910-assets/imgs/block_matrix/internal_matrix/Yzo4X3Q6NQ==924.jpg,Yzo4X3Q6NQ==924.jpg,q1
8,5,6,15,https://audiosamplesp808.blob.core.windows.net/p910-assets/imgs/block_matrix/internal_matrix/WXpvNFgzUTZOUT09OTI0LmpwZw==.jpg,WXpvNFgzUTZOUT09OTI0LmpwZw==.jpg,q2
6,3,7,11,https://audiosamplesp808.blob.core.windows.net/p910-assets/imgs/block_matrix/internal_matrix/Yzo2X3Q6Mw==348.jpg,Yzo2X3Q6Mw==348.jpg,q1
6,3,7,11,https://audiosamplesp808.blob.core.windows.net/p910-assets/imgs/block_matrix/internal_matrix/WXpvMlgzUTZNdz09MzQ4LmpwZw==.jpg,WXpvMlgzUTZNdz09MzQ4LmpwZw==.jpg,q2
4,4,11,8,https://audiosamplesp808.blob.core.windows.net/p910-assets/imgs/block_matrix/internal_matrix/Yzo0X3Q6NA==479.jpg,Yzo0X3Q6NA==479.jpg,q1
4,4,11,8,https://audiosamplesp808.blob.core.windows.net/p910-assets/imgs/block_matrix/internal_matrix/WXpvMFgzUTZOQT09NDc5LmpwZw==.jpg,WXpvMFgzUTZOQT09NDc5LmpwZw==.jpg,q2
6,6,0,6,https://audiosamplesp808.blob.core.windows.net/p910-assets/imgs/block_matrix/internal_matrix/Yzo2X3Q6Ng==278.jpg,Yzo2X3Q6Ng==278.jpg,q1
6,6,0,6,https://audiosamplesp808.blob.core.windows.net/p910-assets/imgs/block_matrix/internal_matrix/WXpvMlgzUTZOZz09Mjc4LmpwZw==.jpg,WXpvMlgzUTZOZz09Mjc4LmpwZw==.jpg,q2
7,4,13,5,https://audiosamplesp808.blob.core.windows.net/p910-assets/imgs/block_matrix/internal_matrix/Yzo3X3Q6NA==843.jpg,Yzo3X3Q6NA==843.jpg,q1
7,4,13,5,https://audiosamplesp808.blob.core.windows.net/p910-assets/imgs/block_matrix/internal_matrix/WXpvM1gzUTZOQT09ODQzLmpwZw==.jpg,WXpvM1gzUTZOQT09ODQzLmpwZw==.jpg,q2
5,8,5,2,https://audiosamplesp808.blob.core.windows.net/p910-assets/imgs/block_matrix/internal_matrix/Yzo1X3Q6OA==445.jpg,Yzo1X3Q6OA==445.jpg,q1
5,8,5,2,https://audiosamplesp808.blob.core.windows.net/p910-assets/imgs/block_matrix/internal_matrix/WXpvMVgzUTZPQT09NDQ1LmpwZw==.jpg,WXpvMVgzUTZPQT09NDQ1LmpwZw==.jpg,q2
7,3,0,8,https://audiosamplesp808.blob.core.windows.net/p910-assets/imgs/block_matrix/internal_matrix/Yzo3X3Q6Mw==906.jpg,Yzo3X3Q6Mw==906.jpg,q1
7,3,0,8,https://audiosamplesp808.blob.core.windows.net/p910-assets/imgs/block_matrix/internal_matrix/WXpvM1gzUTZNdz09OTA2LmpwZw==.jpg,WXpvM1gzUTZNdz09OTA2LmpwZw==.jpg,q2
4,5,9,11,https://audiosamplesp808.blob.core.windows.net/p910-assets/imgs/block_matrix/internal_matrix/Yzo0X3Q6NQ==655.jpg,Yzo0X3Q6NQ==655.jpg,q1
4,5,9,11,https://audiosamplesp808.blob.core.windows.net/p910-assets/imgs/block_matrix/internal_matrix/WXpvMFgzUTZOUT09NjU1LmpwZw==.jpg,WXpvMFgzUTZOUT09NjU1LmpwZw==.jpg,q2
4,9,4,13,https://audiosamplesp808.blob.core.windows.net/p910-assets/imgs/block_matrix/internal_matrix/Yzo0X3Q6OQ==563.jpg,Yzo0X3Q6OQ==563.jpg,q1
4,9,4,13,https://audiosamplesp808.blob.core.windows.net/p910-assets/imgs/block_matrix/internal_matrix/WXpvMFgzUTZPUT09NTYzLmpwZw==.jpg,WXpvMFgzUTZPUT09NTYzLmpwZw==.jpg,q2
7,6,2,3,https://audiosamplesp808.blob.core.windows.net/p910-assets/imgs/block_matrix/internal_matrix/Yzo3X3Q6Ng==252.jpg,Yzo3X3Q6Ng==252.jpg,q1
7,6,2,3,https://audiosamplesp808.blob.core.windows.net/p910-assets/imgs/block_matrix/internal_matrix/WXpvM1gzUTZOZz09MjUyLmpwZw==.jpg,WXpvM1gzUTZOZz09MjUyLmpwZw==.jpg,q2
5,3,5,0,https://audiosamplesp808.blob.core.windows.net/p910-assets/imgs/block_matrix/internal_matrix/Yzo1X3Q6Mw==609.jpg,Yzo1X3Q6Mw==609.jpg,q1
5,3,5,0,https://audiosamplesp808.blob.core.windows.net/p910-assets/imgs/block_matrix/internal_matrix/WXpvMVgzUTZNdz09NjA5LmpwZw==.jpg,WXpvMVgzUTZNdz09NjA5LmpwZw==.jpg,q2
6,3,13,15,https://audiosamplesp808.blob.core.windows.net/p910-assets/imgs/block_matrix/internal_matrix/Yzo2X3Q6Mw==525.jpg,Yzo2X3Q6Mw==525.jpg,q1
6,3,13,15,https://audiosamplesp808.blob.core.windows.net/p910-assets/imgs/block_matrix/internal_matrix/WXpvMlgzUTZNdz09NTI1LmpwZw==.jpg,WXpvMlgzUTZNdz09NTI1LmpwZw==.jpg,q2
