plate,url
plate_4,https://audiosamplesp808.blob.core.windows.net/p910-assets/imgs/plates/OTKWMDE=NDEX44.png
plate_4,https://audiosamplesp808.blob.core.windows.net/p910-assets/imgs/plates/OTU3MJE=NZGX44.png
plate_3,https://audiosamplesp808.blob.core.windows.net/p910-assets/imgs/plates/NJK4OTU=NZY033.png
plate_4,https://audiosamplesp808.blob.core.windows.net/p910-assets/imgs/plates/OTU0MDM=NZQW44.png
plate_3,https://audiosamplesp808.blob.core.windows.net/p910-assets/imgs/plates/NDQWMZI=MDC=33.png
plate_4,https://audiosamplesp808.blob.core.windows.net/p910-assets/imgs/plates/NJE2MJC=NZI244.png
plate_4,https://audiosamplesp808.blob.core.windows.net/p910-assets/imgs/plates/NJQXOTC=NTA144.png
plate_4,https://audiosamplesp808.blob.core.windows.net/p910-assets/imgs/plates/NTG2NTI=MDKW44.png
plate_4,https://audiosamplesp808.blob.core.windows.net/p910-assets/imgs/plates/ODY5MDQ=NDU144.png
plate_4,https://audiosamplesp808.blob.core.windows.net/p910-assets/imgs/plates/NDY5MTE=MZG244.png
plate_4,https://audiosamplesp808.blob.core.windows.net/p910-assets/imgs/plates/NTM1MJM=MZQ244.png
plate_4,https://audiosamplesp808.blob.core.windows.net/p910-assets/imgs/plates/MZEYNDQ=MJEZ44.png
plate_4,https://audiosamplesp808.blob.core.windows.net/p910-assets/imgs/plates/MJIYMTK=MDM544.png
plate_3,https://audiosamplesp808.blob.core.windows.net/p910-assets/imgs/plates/MTE1NTM=MDM333.png
plate_4,https://audiosamplesp808.blob.core.windows.net/p910-assets/imgs/plates/ODU4MTG=OTK044.png
plate_3,https://audiosamplesp808.blob.core.windows.net/p910-assets/imgs/plates/MTA0MJI=MW==33.png
plate_3,https://audiosamplesp808.blob.core.windows.net/p910-assets/imgs/plates/MTA5NJM=MZA233.png
plate_4,https://audiosamplesp808.blob.core.windows.net/p910-assets/imgs/plates/MTG5MJY=NTIX44.png
plate_4,https://audiosamplesp808.blob.core.windows.net/p910-assets/imgs/plates/MZY4OTA=MJEX44.png
plate_4,https://audiosamplesp808.blob.core.windows.net/p910-assets/imgs/plates/OTQXNTQ=NZQW44.png
plate_3,https://audiosamplesp808.blob.core.windows.net/p910-assets/imgs/plates/OTUXMDQ=NZQX33.png
plate_3,https://audiosamplesp808.blob.core.windows.net/p910-assets/imgs/plates/ODQZOTQ=NZE433.png
plate_3,https://audiosamplesp808.blob.core.windows.net/p910-assets/imgs/plates/NZCXMTG=NDCZ33.png
plate_4,https://audiosamplesp808.blob.core.windows.net/p910-assets/imgs/plates/NZQ1NDI=MTI544.png
plate_3,https://audiosamplesp808.blob.core.windows.net/p910-assets/imgs/plates/NZCXMDY=MZAW33.png
plate_4,https://audiosamplesp808.blob.core.windows.net/p910-assets/imgs/plates/ODU4ODM=MZAX44.png
plate_3,https://audiosamplesp808.blob.core.windows.net/p910-assets/imgs/plates/OTK2MTA=MZKY33.png
plate_3,https://audiosamplesp808.blob.core.windows.net/p910-assets/imgs/plates/MJI2MJM=MDCW33.png
plate_3,https://audiosamplesp808.blob.core.windows.net/p910-assets/imgs/plates/MTG4NZU=MDK=33.png
plate_3,https://audiosamplesp808.blob.core.windows.net/p910-assets/imgs/plates/NJE1MJU=NTC=33.png
plate_3,https://audiosamplesp808.blob.core.windows.net/p910-assets/imgs/plates/MZY4MDU=MJGY33.png
plate_4,https://audiosamplesp808.blob.core.windows.net/p910-assets/imgs/plates/NDA4NTM=NJG344.png
plate_4,https://audiosamplesp808.blob.core.windows.net/p910-assets/imgs/plates/MTQWOTG=NJM144.png
plate_3,https://audiosamplesp808.blob.core.windows.net/p910-assets/imgs/plates/MTA2NTC=OQ==33.png
plate_3,https://audiosamplesp808.blob.core.windows.net/p910-assets/imgs/plates/MTQWMDE=MDK233.png
plate_4,https://audiosamplesp808.blob.core.windows.net/p910-assets/imgs/plates/MJY3NDA=NZIX44.png
plate_4,https://audiosamplesp808.blob.core.windows.net/p910-assets/imgs/plates/MTAWMTI=MQ==44.png
plate_4,https://audiosamplesp808.blob.core.windows.net/p910-assets/imgs/plates/NTY4MTU=MZKX44.png
plate_3,https://audiosamplesp808.blob.core.windows.net/p910-assets/imgs/plates/NZG2NZK=MTE=33.png
plate_3,https://audiosamplesp808.blob.core.windows.net/p910-assets/imgs/plates/NJQ2MDM=ODA233.png
plate_4,https://audiosamplesp808.blob.core.windows.net/p910-assets/imgs/plates/NZA3OTY=NTA044.png
plate_3,https://audiosamplesp808.blob.core.windows.net/p910-assets/imgs/plates/ODMZMTY=NTI533.png
plate_4,https://audiosamplesp808.blob.core.windows.net/p910-assets/imgs/plates/MJM1NZK=MZQY44.png
plate_3,https://audiosamplesp808.blob.core.windows.net/p910-assets/imgs/plates/MZI5NDA=MJA133.png
plate_4,https://audiosamplesp808.blob.core.windows.net/p910-assets/imgs/plates/MTY4MZI=NJYW44.png
plate_3,https://audiosamplesp808.blob.core.windows.net/p910-assets/imgs/plates/MJE5NZM=NZUY33.png
plate_3,https://audiosamplesp808.blob.core.windows.net/p910-assets/imgs/plates/NZUXNDE=MTY233.png
plate_4,https://audiosamplesp808.blob.core.windows.net/p910-assets/imgs/plates/MTI4MTC=NZY544.png
plate_3,https://audiosamplesp808.blob.core.windows.net/p910-assets/imgs/plates/MTA2MDG=NQ==33.png
plate_3,https://audiosamplesp808.blob.core.windows.net/p910-assets/imgs/plates/MTA3ODG=NQ==33.png
plate_3,https://audiosamplesp808.blob.core.windows.net/p910-assets/imgs/plates/NDM3NTY=NJU=33.png
plate_4,https://audiosamplesp808.blob.core.windows.net/p910-assets/imgs/plates/NJG5OTM=NTK344.png
plate_4,https://audiosamplesp808.blob.core.windows.net/p910-assets/imgs/plates/MJU0OTQ=MTGX44.png
plate_4,https://audiosamplesp808.blob.core.windows.net/p910-assets/imgs/plates/MZK1NDC=NDM044.png
plate_4,https://audiosamplesp808.blob.core.windows.net/p910-assets/imgs/plates/NTEYMJA=NTU144.png
plate_4,https://audiosamplesp808.blob.core.windows.net/p910-assets/imgs/plates/NJI2NDK=MTMW44.png
plate_4,https://audiosamplesp808.blob.core.windows.net/p910-assets/imgs/plates/MTA2NZI=MG==44.png
plate_3,https://audiosamplesp808.blob.core.windows.net/p910-assets/imgs/plates/MJA0NTI=NTE=33.png
plate_3,https://audiosamplesp808.blob.core.windows.net/p910-assets/imgs/plates/ODQ4MZG=NJIW33.png
plate_4,https://audiosamplesp808.blob.core.windows.net/p910-assets/imgs/plates/MJY0OTI=OTI544.png
plate_3,https://audiosamplesp808.blob.core.windows.net/p910-assets/imgs/plates/MTEYNTK=MZK433.png
plate_4,https://audiosamplesp808.blob.core.windows.net/p910-assets/imgs/plates/MTC1OTE=NJAW44.png
plate_4,https://audiosamplesp808.blob.core.windows.net/p910-assets/imgs/plates/MTA1MZE=NQ==44.png
plate_3,https://audiosamplesp808.blob.core.windows.net/p910-assets/imgs/plates/NTU2OTC=MTU133.png
plate_3,https://audiosamplesp808.blob.core.windows.net/p910-assets/imgs/plates/MZC3MTE=NZY033.png
plate_3,https://audiosamplesp808.blob.core.windows.net/p910-assets/imgs/plates/MTA1NJU=OA==33.png
plate_4,https://audiosamplesp808.blob.core.windows.net/p910-assets/imgs/plates/NDMYMDG=OTU144.png
plate_3,https://audiosamplesp808.blob.core.windows.net/p910-assets/imgs/plates/NTMWNZG=ODQY33.png
plate_3,https://audiosamplesp808.blob.core.windows.net/p910-assets/imgs/plates/MZYZODU=OTG333.png
plate_3,https://audiosamplesp808.blob.core.windows.net/p910-assets/imgs/plates/MJY3MJK=NZUZ33.png
plate_4,https://audiosamplesp808.blob.core.windows.net/p910-assets/imgs/plates/MZCXODE=MJUX44.png
plate_3,https://audiosamplesp808.blob.core.windows.net/p910-assets/imgs/plates/NTA5ODA=ODEW33.png
plate_4,https://audiosamplesp808.blob.core.windows.net/p910-assets/imgs/plates/MTQ2NJQ=NTAZ44.png
plate_4,https://audiosamplesp808.blob.core.windows.net/p910-assets/imgs/plates/OTE0NZE=MJIX44.png
plate_4,https://audiosamplesp808.blob.core.windows.net/p910-assets/imgs/plates/MTKYMTM=NJM144.png
plate_4,https://audiosamplesp808.blob.core.windows.net/p910-assets/imgs/plates/OTIZMJQ=MZC444.png
plate_4,https://audiosamplesp808.blob.core.windows.net/p910-assets/imgs/plates/ODA3MDA=NJKW44.png
plate_4,https://audiosamplesp808.blob.core.windows.net/p910-assets/imgs/plates/MJQZMZQ=MDU244.png
plate_3,https://audiosamplesp808.blob.core.windows.net/p910-assets/imgs/plates/MZU1MTQ=NZK233.png
plate_4,https://audiosamplesp808.blob.core.windows.net/p910-assets/imgs/plates/ODYWNDM=NTE344.png
plate_3,https://audiosamplesp808.blob.core.windows.net/p910-assets/imgs/plates/NZC1MJC=MZM033.png
plate_4,https://audiosamplesp808.blob.core.windows.net/p910-assets/imgs/plates/OTEYNDG=MTMY44.png
plate_3,https://audiosamplesp808.blob.core.windows.net/p910-assets/imgs/plates/MTAYOTY=NW==33.png
plate_3,https://audiosamplesp808.blob.core.windows.net/p910-assets/imgs/plates/NDC0NTG=MTUY33.png
plate_3,https://audiosamplesp808.blob.core.windows.net/p910-assets/imgs/plates/OTGWMZC=MZK533.png
plate_3,https://audiosamplesp808.blob.core.windows.net/p910-assets/imgs/plates/MTQ0NZQ=MZCY33.png
plate_4,https://audiosamplesp808.blob.core.windows.net/p910-assets/imgs/plates/MTA2NZY=OA==44.png
plate_4,https://audiosamplesp808.blob.core.windows.net/p910-assets/imgs/plates/MJG2MDY=MTI544.png
plate_4,https://audiosamplesp808.blob.core.windows.net/p910-assets/imgs/plates/NTE3MJG=NZIY44.png
plate_4,https://audiosamplesp808.blob.core.windows.net/p910-assets/imgs/plates/NDC2NDY=MDQ144.png
plate_4,https://audiosamplesp808.blob.core.windows.net/p910-assets/imgs/plates/MTAXMDC=OQ==44.png
plate_4,https://audiosamplesp808.blob.core.windows.net/p910-assets/imgs/plates/MZA1NZG=NJAX44.png
plate_3,https://audiosamplesp808.blob.core.windows.net/p910-assets/imgs/plates/OTA5NDG=NJY433.png
plate_4,https://audiosamplesp808.blob.core.windows.net/p910-assets/imgs/plates/NZY3NDE=OTI=44.png
plate_4,https://audiosamplesp808.blob.core.windows.net/p910-assets/imgs/plates/MTI4ODA=NTC044.png
plate_3,https://audiosamplesp808.blob.core.windows.net/p910-assets/imgs/plates/MTA4NDQ=MG==33.png
plate_3,https://audiosamplesp808.blob.core.windows.net/p910-assets/imgs/plates/NTG1MJE=MJUW33.png
plate_3,https://audiosamplesp808.blob.core.windows.net/p910-assets/imgs/plates/NDQYMZQ=NDAX33.png
plate_3,https://audiosamplesp808.blob.core.windows.net/p910-assets/imgs/plates/MZMWNTE=NZGW33.png
plate_4,https://audiosamplesp808.blob.core.windows.net/p910-assets/imgs/plates/MZQ5MZG=OTQX44.png
plate_4,https://audiosamplesp808.blob.core.windows.net/p910-assets/imgs/plates/ODKYMTY=MZUX44.png
plate_4,https://audiosamplesp808.blob.core.windows.net/p910-assets/imgs/plates/NJGWMJI=NA==44.png
plate_3,https://audiosamplesp808.blob.core.windows.net/p910-assets/imgs/plates/NDA4MZM=NTI033.png
plate_4,https://audiosamplesp808.blob.core.windows.net/p910-assets/imgs/plates/MZM1MZA=MDG144.png
plate_3,https://audiosamplesp808.blob.core.windows.net/p910-assets/imgs/plates/OTMZNJE=MZM=33.png
plate_4,https://audiosamplesp808.blob.core.windows.net/p910-assets/imgs/plates/NTQXODQ=MDY244.png
plate_4,https://audiosamplesp808.blob.core.windows.net/p910-assets/imgs/plates/NZCYODI=OTM=44.png
plate_3,https://audiosamplesp808.blob.core.windows.net/p910-assets/imgs/plates/MZE2MTU=MDQ033.png
plate_3,https://audiosamplesp808.blob.core.windows.net/p910-assets/imgs/plates/MTU2NTA=ODE033.png
plate_4,https://audiosamplesp808.blob.core.windows.net/p910-assets/imgs/plates/NZMZNTK=OTYY44.png
plate_3,https://audiosamplesp808.blob.core.windows.net/p910-assets/imgs/plates/NZMZMZA=MTQ233.png
plate_3,https://audiosamplesp808.blob.core.windows.net/p910-assets/imgs/plates/OTK3NZC=MTGW33.png
plate_3,https://audiosamplesp808.blob.core.windows.net/p910-assets/imgs/plates/ODG5NJC=MJY133.png
plate_4,https://audiosamplesp808.blob.core.windows.net/p910-assets/imgs/plates/MZM3MDU=NG==44.png
plate_3,https://audiosamplesp808.blob.core.windows.net/p910-assets/imgs/plates/NDE3MTC=MJKW33.png
plate_3,https://audiosamplesp808.blob.core.windows.net/p910-assets/imgs/plates/OTKZMTI=MDK133.png
plate_4,https://audiosamplesp808.blob.core.windows.net/p910-assets/imgs/plates/MJKZNTC=MDQ544.png
plate_3,https://audiosamplesp808.blob.core.windows.net/p910-assets/imgs/plates/MZMZMJQ=NTY233.png
plate_3,https://audiosamplesp808.blob.core.windows.net/p910-assets/imgs/plates/MJC3ODC=NZAY33.png
plate_4,https://audiosamplesp808.blob.core.windows.net/p910-assets/imgs/plates/NDC3MDI=NZU444.png
plate_3,https://audiosamplesp808.blob.core.windows.net/p910-assets/imgs/plates/MTAXOTG=OA==33.png
plate_3,https://audiosamplesp808.blob.core.windows.net/p910-assets/imgs/plates/NDEYNDC=NTYX33.png
plate_3,https://audiosamplesp808.blob.core.windows.net/p910-assets/imgs/plates/MZMYODK=NDMW33.png
plate_4,https://audiosamplesp808.blob.core.windows.net/p910-assets/imgs/plates/MTGZNJG=NZG144.png
plate_4,https://audiosamplesp808.blob.core.windows.net/p910-assets/imgs/plates/NDY0ODK=NTA144.png
plate_4,https://audiosamplesp808.blob.core.windows.net/p910-assets/imgs/plates/NTKXOTK=OTU344.png
plate_3,https://audiosamplesp808.blob.core.windows.net/p910-assets/imgs/plates/MTEYODQ=OTAX33.png
plate_3,https://audiosamplesp808.blob.core.windows.net/p910-assets/imgs/plates/MTUYNDK=NJK533.png
plate_3,https://audiosamplesp808.blob.core.windows.net/p910-assets/imgs/plates/MTU1MZY=OTA433.png
plate_4,https://audiosamplesp808.blob.core.windows.net/p910-assets/imgs/plates/MTA1MJU=MQ==44.png
plate_4,https://audiosamplesp808.blob.core.windows.net/p910-assets/imgs/plates/MZUYNJI=MTQX44.png
plate_4,https://audiosamplesp808.blob.core.windows.net/p910-assets/imgs/plates/NDM5MZC=MJU144.png
plate_4,https://audiosamplesp808.blob.core.windows.net/p910-assets/imgs/plates/MTAWMJK=NQ==44.png
plate_3,https://audiosamplesp808.blob.core.windows.net/p910-assets/imgs/plates/ODC1MDC=MTEW33.png
plate_3,https://audiosamplesp808.blob.core.windows.net/p910-assets/imgs/plates/ODAXMDK=MJK233.png
plate_4,https://audiosamplesp808.blob.core.windows.net/p910-assets/imgs/plates/NTU0MTA=NZK=44.png
plate_4,https://audiosamplesp808.blob.core.windows.net/p910-assets/imgs/plates/MTUZNJM=NZC344.png
plate_3,https://audiosamplesp808.blob.core.windows.net/p910-assets/imgs/plates/NTQXNDI=MJE333.png
plate_4,https://audiosamplesp808.blob.core.windows.net/p910-assets/imgs/plates/NDC5NZQ=OTMW44.png
plate_3,https://audiosamplesp808.blob.core.windows.net/p910-assets/imgs/plates/MJM4NZY=OTQ433.png
plate_3,https://audiosamplesp808.blob.core.windows.net/p910-assets/imgs/plates/MZQ4MJG=ODU233.png
plate_3,https://audiosamplesp808.blob.core.windows.net/p910-assets/imgs/plates/NZYYNJY=MTK133.png
plate_3,https://audiosamplesp808.blob.core.windows.net/p910-assets/imgs/plates/MJY0NDM=MTA433.png
plate_3,https://audiosamplesp808.blob.core.windows.net/p910-assets/imgs/plates/NJUWOTM=MJQ233.png
plate_3,https://audiosamplesp808.blob.core.windows.net/p910-assets/imgs/plates/OTM4ODM=MJK433.png
plate_3,https://audiosamplesp808.blob.core.windows.net/p910-assets/imgs/plates/NTGYOTA=MTQ033.png
plate_3,https://audiosamplesp808.blob.core.windows.net/p910-assets/imgs/plates/MZC0OTI=MZG333.png
plate_3,https://audiosamplesp808.blob.core.windows.net/p910-assets/imgs/plates/MTE2NZA=MZG533.png
plate_3,https://audiosamplesp808.blob.core.windows.net/p910-assets/imgs/plates/NJC0MJY=NZYZ33.png
plate_3,https://audiosamplesp808.blob.core.windows.net/p910-assets/imgs/plates/NDUWMZE=ODU333.png
plate_4,https://audiosamplesp808.blob.core.windows.net/p910-assets/imgs/plates/OTG5NZA=OTK344.png
plate_4,https://audiosamplesp808.blob.core.windows.net/p910-assets/imgs/plates/NJA4ODU=NZQW44.png
plate_4,https://audiosamplesp808.blob.core.windows.net/p910-assets/imgs/plates/NTMXNZU=ODE344.png
plate_3,https://audiosamplesp808.blob.core.windows.net/p910-assets/imgs/plates/NJEWOTE=NDM433.png
plate_3,https://audiosamplesp808.blob.core.windows.net/p910-assets/imgs/plates/MTQZNTQ=NDG233.png
plate_4,https://audiosamplesp808.blob.core.windows.net/p910-assets/imgs/plates/NTI4MTQ=OTC544.png
plate_3,https://audiosamplesp808.blob.core.windows.net/p910-assets/imgs/plates/MTYXMZU=MZGX33.png
plate_3,https://audiosamplesp808.blob.core.windows.net/p910-assets/imgs/plates/MJE3NZI=NDQ133.png
plate_3,https://audiosamplesp808.blob.core.windows.net/p910-assets/imgs/plates/NDQ1MDI=ODA=33.png
plate_3,https://audiosamplesp808.blob.core.windows.net/p910-assets/imgs/plates/MTA3MTK=MA==33.png
plate_4,https://audiosamplesp808.blob.core.windows.net/p910-assets/imgs/plates/MZQ4NJC=NZU544.png
plate_3,https://audiosamplesp808.blob.core.windows.net/p910-assets/imgs/plates/MTY2NDU=NDE033.png
plate_3,https://audiosamplesp808.blob.core.windows.net/p910-assets/imgs/plates/MTAZMDA=OTCY33.png
